timestamp_ms,H,V,etiqueta
1778715776153,116.77,116.77,reposo
1778715776164,120.03,120.03,reposo
1778715776164,118.97,118.97,reposo
1778715776179,116.01,116.01,reposo
1778715776180,111.35,111.35,reposo
1778715776190,107.16,107.16,reposo
1778715776190,103.38,103.38,reposo
1778715776204,95.98,95.98,reposo
1778715776205,89.32,89.32,reposo
1778715776219,91.33,91.33,reposo
1778715776219,89.14,89.14,reposo
1778715776220,87.17,87.17,reposo
1778715776234,87.39,87.39,reposo
1778715776235,81.59,81.59,reposo
1778715776249,80.37,80.37,reposo
1778715776249,83.27,83.27,reposo
1778715776250,79.89,79.89,reposo
1778715776264,78.84,78.84,reposo
1778715776264,77.89,77.89,reposo
1778715776278,75.04,75.04,reposo
1778715776279,78.48,78.48,reposo
1778715776279,77.57,77.57,reposo
1778715776293,78.75,78.75,reposo
1778715776294,81.82,81.82,reposo
1778715776308,82.58,82.58,reposo
1778715776308,85.26,85.26,reposo
1778715776322,87.67,87.67,reposo
1778715776323,87.85,87.85,reposo
1778715776323,92.0,92.0,reposo
1778715776337,91.74,91.74,reposo
1778715776338,89.51,89.51,reposo
1778715776351,89.5,89.5,reposo
1778715776352,87.49,87.49,reposo
1778715776352,87.68,87.68,reposo
1778715776366,87.85,87.85,reposo
1778715776367,86.01,86.01,reposo
1778715776381,84.34,84.34,reposo
1778715776381,84.85,84.85,reposo
1778715776381,81.31,81.31,reposo
1778715776395,86.11,86.11,reposo
1778715776396,90.44,90.44,reposo
1778715776410,86.34,86.34,reposo
1778715776411,86.65,86.65,reposo
1778715776411,86.92,86.92,reposo
1778715776425,85.17,85.17,reposo
1778715776426,83.59,83.59,reposo
1778715776440,82.17,82.17,reposo
1778715776441,80.9,80.9,reposo
1778715776455,83.75,83.75,reposo
1778715776455,84.31,84.31,reposo
1778715776456,84.82,84.82,reposo
1778715776470,89.28,89.28,reposo
1778715776470,89.29,89.29,reposo
1778715776471,95.3,95.3,reposo
1778715776485,96.71,96.71,reposo
1778715776499,95.98,95.98,reposo
1778715776513,99.32,99.32,reposo
1778715776513,100.33,100.33,reposo
1778715776514,103.24,103.24,reposo
1778715776514,105.85,105.85,reposo
1778715776528,102.21,102.21,reposo
1778715776528,104.93,104.93,reposo
1778715776529,105.37,105.37,reposo
1778715776543,103.78,103.78,reposo
1778715776543,104.34,104.34,reposo
1778715776557,100.85,100.85,reposo
1778715776558,95.7,95.7,reposo
1778715776558,95.07,95.07,reposo
1778715776573,90.5,90.5,reposo
1778715776573,86.39,86.39,reposo
1778715776573,84.69,84.69,reposo
1778715776588,79.16,79.16,reposo
1778715776588,78.19,78.19,reposo
1778715776602,79.31,79.31,reposo
1778715776602,78.32,78.32,reposo
1778715776617,79.43,79.43,reposo
1778715776617,82.42,82.42,reposo
1778715776617,81.12,81.12,reposo
1778715776631,81.95,81.95,reposo
1778715776632,80.69,80.69,reposo
1778715776646,77.56,77.56,reposo
1778715776646,78.75,78.75,reposo
1778715776646,75.81,75.81,reposo
1778715776660,73.17,73.17,reposo
1778715776661,72.8,72.8,reposo
1778715776675,68.46,68.46,reposo
1778715776675,72.55,72.55,reposo
1778715776675,74.23,74.23,reposo
1778715776690,73.75,73.75,reposo
1778715776690,75.32,75.32,reposo
1778715776704,72.72,72.72,reposo
1778715776705,70.39,70.39,reposo
1778715776719,72.29,72.29,reposo
1778715776720,70.0,70.0,reposo
1778715776720,65.94,65.94,reposo
1778715776735,66.29,66.29,reposo
1778715776735,60.6,60.6,reposo
1778715776749,59.48,59.48,reposo
1778715776750,58.47,58.47,reposo
1778715776750,53.56,53.56,reposo
1778715776764,53.15,53.15,reposo
1778715776765,50.77,50.77,reposo
1778715776765,46.64,46.64,reposo
1778715776780,46.91,46.91,reposo
1778715776780,45.16,45.16,reposo
1778715776794,43.59,43.59,reposo
1778715776795,46.17,46.17,reposo
1778715776809,40.49,40.49,reposo
1778715776809,33.38,33.38,reposo
1778715776809,28.98,28.98,reposo
1778715776824,21.02,21.02,reposo
1778715776824,13.86,13.86,reposo
1778715776839,5.42,5.42,reposo
1778715776839,-2.19,-2.19,reposo
1778715776839,-5.03,-5.03,reposo
1778715776853,-11.58,-11.58,reposo
1778715776854,-15.49,-15.49,reposo
1778715776868,-17.0,-17.0,reposo
1778715776868,-22.36,-22.36,reposo
1778715776869,-21.18,-21.18,reposo
1778715776883,-20.12,-20.12,reposo
1778715776883,-25.17,-25.17,reposo
1778715776897,-23.71,-23.71,reposo
1778715776898,-20.4,-20.4,reposo
1778715776898,-23.42,-23.42,reposo
1778715776912,-20.14,-20.14,reposo
1778715776913,-19.19,-19.19,reposo
1778715776927,-18.33,-18.33,reposo
1778715776927,-11.55,-11.55,reposo
1778715776941,-7.46,-7.46,reposo
1778715776942,-7.77,-7.77,reposo
1778715776942,-4.06,-4.06,reposo
1778715776956,-2.71,-2.71,reposo
1778715776957,0.5,0.5,reposo
1778715776971,3.39,3.39,reposo
1778715776971,3.99,3.99,reposo
1778715776971,6.53,6.53,reposo
1778715776985,8.82,8.82,reposo
1778715776986,6.88,6.88,reposo
1778715776986,9.13,9.13,reposo
1778715777000,11.16,11.16,reposo
1778715777001,12.98,12.98,reposo
1778715777015,16.62,16.62,reposo
1778715777015,15.9,15.9,reposo
1778715777016,15.25,15.25,reposo
1778715777030,16.67,16.67,reposo
1778715777030,11.94,11.94,reposo
1778715777044,11.69,11.69,reposo
1778715777044,13.46,13.46,reposo
1778715777058,13.05,13.05,reposo
1778715777059,14.69,14.69,reposo
1778715777073,18.16,18.16,reposo
1778715777073,15.28,15.28,reposo
1778715777073,16.69,16.69,reposo
1778715777087,17.96,17.96,reposo
1778715777088,17.11,17.11,reposo
1778715777088,20.34,20.34,reposo
1778715777103,19.24,19.24,reposo
1778715777103,18.26,18.26,reposo
1778715777117,19.37,19.37,reposo
1778715777117,14.38,14.38,reposo
1778715777118,13.88,13.88,reposo
1778715777132,13.43,13.43,reposo
1778715777132,9.03,9.03,reposo
1778715777146,11.06,11.06,reposo
1778715777147,14.9,14.9,reposo
1778715777161,16.35,16.35,reposo
1778715777161,19.65,19.65,reposo
1778715777176,22.63,22.63,reposo
1778715777176,21.31,21.31,reposo
1778715777176,24.11,24.11,reposo
1778715777190,26.64,26.64,reposo
1778715777191,30.92,30.92,reposo
1778715777191,34.77,34.77,reposo
1778715777205,34.23,34.23,reposo
1778715777206,39.75,39.75,reposo
1778715777220,44.71,44.71,reposo
1778715777220,45.18,45.18,reposo
1778715777221,49.6,49.6,reposo
1778715777235,49.58,49.58,reposo
1778715777235,47.56,47.56,reposo
1778715777249,49.75,49.75,reposo
1778715777250,47.71,47.71,reposo
1778715777264,45.88,45.88,reposo
1778715777265,46.23,46.23,reposo
1778715777265,44.55,44.55,reposo
1778715777279,45.04,45.04,reposo
1778715777280,45.47,45.47,reposo
1778715777293,41.86,41.86,reposo
1778715777294,42.62,42.62,reposo
1778715777294,39.3,39.3,reposo
1778715777309,38.31,38.31,reposo
1778715777309,41.42,41.42,reposo
1778715777324,40.21,40.21,reposo
1778715777324,43.13,43.13,reposo
1778715777324,45.76,45.76,reposo
1778715777339,44.12,44.12,reposo
1778715777340,48.65,48.65,reposo
1778715777354,52.73,52.73,reposo
1778715777354,50.39,50.39,reposo
1778715777354,52.29,52.29,reposo
1778715777368,52.0,52.0,reposo
1778715777369,49.74,49.74,reposo
1778715777383,49.71,49.71,reposo
1778715777384,47.68,47.68,reposo
1778715777384,39.85,39.85,reposo
1778715777398,38.81,38.81,reposo
1778715777399,37.87,37.87,reposo
1778715777413,39.02,39.02,reposo
1778715777413,40.06,40.06,reposo
1778715777413,36.99,36.99,reposo
1778715777428,32.23,32.23,reposo
1778715777428,25.95,25.95,reposo
1778715777442,20.29,20.29,reposo
1778715777443,21.2,21.2,reposo
1778715777457,22.02,22.02,reposo
1778715777457,20.76,20.76,reposo
1778715777458,21.63,21.63,reposo
1778715777472,20.4,20.4,reposo
1778715777472,21.3,21.3,reposo
1778715777486,26.11,26.11,reposo
1778715777487,30.44,30.44,reposo
1778715777487,36.34,36.34,reposo
1778715777501,39.64,39.64,reposo
1778715777501,38.62,38.62,reposo
1778715777515,39.7,39.7,reposo
1778715777516,38.67,38.67,reposo
1778715777516,35.74,35.74,reposo
1778715777531,37.11,37.11,reposo
1778715777531,36.34,36.34,reposo
1778715777545,35.64,35.64,reposo
1778715777545,37.02,37.02,reposo
1778715777546,32.26,32.26,reposo
1778715777559,29.97,29.97,reposo
1778715777560,27.91,27.91,reposo
1778715777574,24.06,24.06,reposo
1778715777574,24.6,24.6,reposo
1778715777588,25.08,25.08,reposo
1778715777589,25.51,25.51,reposo
1778715777589,25.9,25.9,reposo
1778715777603,24.25,24.25,reposo
1778715777604,22.76,22.76,reposo
1778715777618,25.43,25.43,reposo
1778715777618,23.82,23.82,reposo
1778715777618,26.38,26.38,reposo
1778715777633,28.68,28.68,reposo
1778715777633,30.76,30.76,reposo
1778715777633,32.62,32.62,reposo
1778715777648,36.3,36.3,reposo
1778715777649,37.61,37.61,reposo
1778715777663,42.79,42.79,reposo
1778715777663,45.45,45.45,reposo
1778715777678,49.84,49.84,reposo
1778715777678,55.8,55.8,reposo
1778715777678,57.16,57.16,reposo
1778715777693,58.38,58.38,reposo
1778715777693,61.49,61.49,reposo
1778715779511,25.47,25.47,reposo
1778715779512,27.86,27.86,reposo
1778715779512,26.02,26.02,reposo
1778715779522,30.36,30.36,reposo
1778715779522,34.26,34.26,reposo
1778715779537,37.77,37.77,reposo
1778715779537,42.94,42.94,reposo
1778715779552,49.58,49.58,reposo
1778715779552,53.56,53.56,reposo
1778715779566,63.15,63.15,reposo
1778715779567,71.77,71.77,reposo
1778715779567,83.54,83.54,reposo
1778715779582,94.12,94.12,reposo
1778715779582,93.65,93.65,reposo
1778715779583,95.23,95.23,reposo
1778715779597,94.64,94.64,reposo
1778715779598,94.12,94.12,reposo
1778715779612,93.65,93.65,reposo
1778715779613,91.22,91.22,reposo
1778715779613,83.04,83.04,reposo
1778715779627,79.68,79.68,reposo
1778715779627,74.65,74.65,reposo
1778715779641,72.12,72.12,reposo
1778715779642,71.85,71.85,reposo
1778715779656,65.61,65.61,reposo
1778715779656,61.99,61.99,reposo
1778715779657,60.73,60.73,reposo
1778715779671,53.59,53.59,reposo
1778715779671,53.17,53.17,reposo
1778715779685,52.8,52.8,reposo
1778715779686,52.46,52.46,reposo
1778715779686,56.15,56.15,reposo
1778715779700,55.48,55.48,reposo
1778715779700,58.87,58.87,reposo
1778715779714,65.92,65.92,reposo
1778715779715,66.27,66.27,reposo
1778715779715,66.58,66.58,reposo
1778715779729,68.86,68.86,reposo
1778715779729,68.92,68.92,reposo
1778715779743,72.97,72.97,reposo
1778715779744,74.61,74.61,reposo
1778715779758,70.09,70.09,reposo
1778715779758,66.02,66.02,reposo
1778715779759,58.36,58.36,reposo
1778715779773,51.46,51.46,reposo
1778715779773,47.26,47.26,reposo
1778715779788,39.47,39.47,reposo
1778715779788,32.46,32.46,reposo
1778715779788,28.16,28.16,reposo
1778715779803,22.28,22.28,reposo
1778715779803,18.99,18.99,reposo
1778715779817,14.03,14.03,reposo
1778715779818,7.57,7.57,reposo
1778715779818,7.75,7.75,reposo
1778715779832,5.92,5.92,reposo
1778715779832,6.27,6.27,reposo
1778715779833,12.58,12.58,reposo
1778715779847,14.26,14.26,reposo
1778715779847,15.78,15.78,reposo
1778715779861,21.14,21.14,reposo
1778715779862,21.96,21.96,reposo
1778715779876,24.71,24.71,reposo
1778715779876,31.18,31.18,reposo
1778715779890,33.0,33.0,reposo
1778715779891,34.64,34.64,reposo
1778715779891,34.12,34.12,reposo
1778715779905,33.64,33.64,reposo
1778715779906,35.22,35.22,reposo
1778715779919,32.64,32.64,reposo
1778715779920,28.31,28.31,reposo
1778715779920,26.42,26.42,reposo
1778715779934,20.72,20.72,reposo
1778715779935,15.59,15.59,reposo
1778715779935,14.97,14.97,reposo
1778715779949,12.41,12.41,reposo
1778715779950,12.11,12.11,reposo
1778715779964,9.84,9.84,reposo
1778715779964,5.8,5.8,reposo
1778715779978,6.16,6.16,reposo
1778715779979,8.48,8.48,reposo
1778715779979,8.57,8.57,reposo
1778715779994,8.66,8.66,reposo
1778715779994,6.73,6.73,reposo
1778715780008,9.0,9.0,reposo
1778715780009,15.04,15.04,reposo
1778715780009,18.47,18.47,reposo
1778715780023,21.57,21.57,reposo
1778715780024,28.35,28.35,reposo
1778715780038,30.45,30.45,reposo
1778715780039,36.35,36.35,reposo
1778715780039,43.65,43.65,reposo
1778715780053,44.23,44.23,reposo
1778715780053,46.75,46.75,reposo
1778715780054,45.01,45.01,reposo
1778715780068,41.45,41.45,reposo
1778715780069,42.25,42.25,reposo
1778715780083,42.96,42.96,reposo
1778715780083,39.6,39.6,reposo
1778715780097,42.58,42.58,reposo
1778715780098,43.27,43.27,reposo
1778715780112,41.88,41.88,reposo
1778715780112,42.63,42.63,reposo
1778715780113,37.31,37.31,reposo
1778715780127,38.52,38.52,reposo
1778715780128,39.61,39.61,reposo
1778715780128,36.59,36.59,reposo
1778715780142,39.87,39.87,reposo
1778715780143,34.82,34.82,reposo
1778715780157,22.28,22.28,reposo
1778715780157,14.99,14.99,reposo
1778715780157,6.43,6.43,reposo
1778715780172,-3.27,-3.27,reposo
1778715780172,-8.0,-8.0,reposo
1778715780187,-16.26,-16.26,reposo
1778715780187,-21.7,-21.7,reposo
1778715780201,-24.59,-24.59,reposo
1778715780201,-31.19,-31.19,reposo
1778715780202,-33.13,-33.13,reposo
1778715780216,-34.88,-34.88,reposo
1778715780216,-40.45,-40.45,reposo
1778715780231,-39.46,-39.46,reposo
1778715780231,-38.58,-38.58,reposo
1778715780232,-35.78,-35.78,reposo
1778715780246,-33.26,-33.26,reposo
1778715780246,-33.0,-33.0,reposo
1778715780247,-30.76,-30.76,reposo
1778715780261,-28.74,-28.74,reposo
1778715780261,-28.93,-28.93,reposo
1778715780275,-25.09,-25.09,reposo
1778715780276,-19.64,-19.64,reposo
1778715780289,-18.74,-18.74,reposo
1778715780290,-15.93,-15.93,reposo
1778715780304,-15.39,-15.39,reposo
1778715780305,-16.91,-16.91,reposo
1778715780305,-14.28,-14.28,reposo
1778715780319,-15.91,-15.91,reposo
1778715780319,-15.38,-15.38,reposo
1778715780333,-14.9,-14.9,reposo
1778715780334,-14.47,-14.47,reposo
1778715780334,-12.09,-12.09,reposo
1778715780348,-9.94,-9.94,reposo
1778715780349,-12.0,-12.0,reposo
1778715780349,-7.86,-7.86,reposo
1778715780363,-2.14,-2.14,reposo
1778715780364,1.02,1.02,reposo
1778715780378,7.85,7.85,reposo
1778715780378,6.01,6.01,reposo
1778715780379,4.35,4.35,reposo
1778715780393,6.85,6.85,reposo
1778715780393,9.11,9.11,reposo
1778715780407,13.14,13.14,reposo
1778715780408,20.76,20.76,reposo
1778715780422,19.63,19.63,reposo
1778715780422,20.6,20.6,reposo
1778715780423,25.48,25.48,reposo
1778715780437,27.88,27.88,reposo
1778715780437,34.03,34.03,reposo
1778715780451,35.57,35.57,reposo
1778715780452,34.95,34.95,reposo
1778715780452,36.39,36.39,reposo
1778715780466,35.69,35.69,reposo
1778715780467,37.07,37.07,reposo
1778715780481,40.3,40.3,reposo
1778715780482,39.21,39.21,reposo
1778715780482,38.23,38.23,reposo
1778715780496,35.35,35.35,reposo
1778715780497,30.75,30.75,reposo
1778715780511,32.62,32.62,reposo
1778715780511,30.29,30.29,reposo
1778715780526,26.2,26.2,reposo
1778715780526,28.52,28.52,reposo
1778715780526,26.61,26.61,reposo
1778715780541,22.89,22.89,reposo
1778715780541,23.54,23.54,reposo
1778715780541,20.13,20.13,reposo
1778715780556,21.05,21.05,reposo
1778715780556,21.89,21.89,reposo
1778715780570,18.64,18.64,reposo
1778715780571,21.72,21.72,reposo
1778715780571,22.48,22.48,reposo
1778715780585,23.18,23.18,reposo
1778715780586,25.8,25.8,reposo
1778715780600,28.16,28.16,reposo
1778715780600,28.28,28.28,reposo
1778715780614,28.39,28.39,reposo
1778715780615,26.5,26.5,reposo
1778715780615,26.79,26.79,reposo
1778715780629,27.05,27.05,reposo
1778715780629,25.28,25.28,reposo
1778715780643,27.69,27.69,reposo
1778715780644,31.86,31.86,reposo
1778715780644,27.62,27.62,reposo
1778715780658,29.8,29.8,reposo
1778715780658,29.76,29.76,reposo
1778715780672,31.72,31.72,reposo
1778715780673,35.49,35.49,reposo
1778715780673,36.88,36.88,reposo
1778715780687,36.13,36.13,reposo
1778715780688,37.46,37.46,reposo
1778715780702,36.65,36.65,reposo
1778715780702,37.93,37.93,reposo
1778715780716,39.07,39.07,reposo
1778715780717,36.11,36.11,reposo
1778715780731,37.44,37.44,reposo
1778715780746,36.63,36.63,reposo
1778715780746,33.91,33.91,reposo
1778715780747,35.46,35.46,reposo
1778715780747,36.85,36.85,reposo
1778715780747,38.11,38.11,reposo
1778715780761,39.24,39.24,reposo
1778715780762,36.25,36.25,reposo
1778715780777,35.57,35.57,reposo
1778715780777,36.95,36.95,reposo
1778715780777,38.2,38.2,reposo
1778715780792,41.32,41.32,reposo
1778715780792,44.12,44.12,reposo
1778715780807,42.65,42.65,reposo
1778715780807,45.33,45.33,reposo
1778715780807,47.73,47.73,reposo
1778715780822,47.9,47.9,reposo
1778715780822,52.05,52.05,reposo
1778715780836,53.79,53.79,reposo
1778715780851,53.35,53.35,reposo
1778715780851,56.95,56.95,reposo
1778715780851,56.2,56.2,reposo
1778715780852,57.52,57.52,reposo
1778715780866,58.71,58.71,reposo
1778715780866,61.78,61.78,reposo
1778715780867,66.54,66.54,reposo
1778715780881,66.82,66.82,reposo
1778715780881,65.08,65.08,reposo
1778715780895,67.51,67.51,reposo
1778715780895,67.7,67.7,reposo
1778715780910,63.87,63.87,reposo
1778715780910,64.42,64.42,reposo
1778715780910,60.92,60.92,reposo
1778715780924,55.77,55.77,reposo
1778715780925,55.13,55.13,reposo
1778715780939,48.56,48.56,reposo
1778715780939,40.64,40.64,reposo
1778715780940,37.52,37.52,reposo
1778715780954,32.71,32.71,reposo
1778715780955,32.38,32.38,reposo
1778715780955,28.08,28.08,reposo
1778715780969,24.21,24.21,reposo
1778715780969,26.73,26.73,reposo
1778715780984,25.0,25.0,reposo
1778715780984,23.44,23.44,reposo
1778715780999,28.03,28.03,reposo
1778715780999,32.17,32.17,reposo
1778715780999,37.89,37.89,reposo
1778715782809,-73.24,-73.24,reposo
1778715782825,-78.98,-78.98,reposo
1778715782825,-76.14,-76.14,reposo
1778715782826,-77.59,-77.59,reposo
1778715782835,-80.89,-80.89,reposo
1778715782836,-77.86,-77.86,reposo
1778715782850,-77.13,-77.13,reposo
1778715782851,-72.48,-72.48,reposo
1778715782851,-70.29,-70.29,reposo
1778715782866,-74.32,-74.32,reposo
1778715782866,-75.95,-75.95,reposo
1778715782880,-77.41,-77.41,reposo
1778715782881,-76.73,-76.73,reposo
1778715782895,-70.12,-70.12,reposo
1778715782895,-66.17,-66.17,reposo
1778715782897,-64.61,-64.61,reposo
1778715782911,-59.21,-59.21,reposo
1778715782911,-58.35,-58.35,reposo
1778715782925,-53.57,-53.57,reposo
1778715782926,-47.28,-47.28,reposo
1778715782926,-37.61,-37.61,reposo
1778715782940,-24.91,-24.91,reposo
1778715782941,-17.48,-17.48,reposo
1778715782955,-14.79,-14.79,reposo
1778715782955,-4.37,-4.37,reposo
1778715782956,-0.99,-0.99,reposo
1778715782970,2.05,2.05,reposo
1778715782971,8.78,8.78,reposo
1778715782971,8.84,8.84,reposo
1778715782985,8.9,8.9,reposo
1778715782986,10.95,10.95,reposo
1778715783000,8.79,8.79,reposo
1778715783000,6.85,6.85,reposo
1778715783014,7.11,7.11,reposo
1778715783015,3.34,3.34,reposo
1778715783015,3.94,3.94,reposo
1778715783030,0.49,0.49,reposo
1778715783030,-8.62,-8.62,reposo
1778715783044,-8.82,-8.82,reposo
1778715783045,-9.0,-9.0,reposo
1778715783045,-9.16,-9.16,reposo
1778715783059,-1.3,-1.3,reposo
1778715783060,-0.23,-0.23,reposo
1778715783060,0.73,0.73,reposo
1778715783075,7.6,7.6,reposo
1778715783075,9.78,9.78,reposo
1778715783089,9.74,9.74,reposo
1778715783090,13.71,13.71,reposo
1778715783090,11.28,11.28,reposo
1778715783104,11.09,11.09,reposo
1778715783105,10.92,10.92,reposo
1778715783119,6.77,6.77,reposo
1778715783120,7.03,7.03,reposo
1778715783134,7.27,7.27,reposo
1778715783135,1.48,1.48,reposo
1778715783135,0.27,0.27,reposo
1778715783149,-2.81,-2.81,reposo
1778715783150,-5.59,-5.59,reposo
1778715783164,-6.09,-6.09,reposo
1778715783165,-10.54,-10.54,reposo
1778715783165,-12.55,-12.55,reposo
1778715783179,-10.35,-10.35,reposo
1778715783180,-12.38,-12.38,reposo
1778715783180,-12.2,-12.2,reposo
1778715783194,-10.04,-10.04,reposo
1778715783194,-14.1,-14.1,reposo
1778715783208,-15.75,-15.75,reposo
1778715783209,-15.23,-15.23,reposo
1778715783209,-16.77,-16.77,reposo
1778715783223,-10.15,-10.15,reposo
1778715783224,-10.2,-10.2,reposo
1778715783238,-8.24,-8.24,reposo
1778715783238,-2.47,-2.47,reposo
1778715783252,-3.29,-3.29,reposo
1778715783253,1.98,1.98,reposo
1778715783253,6.72,6.72,reposo
1778715783268,8.99,8.99,reposo
1778715783268,13.03,13.03,reposo
1778715783282,14.67,14.67,reposo
1778715783297,12.14,12.14,reposo
1778715783297,11.87,11.87,reposo
1778715783297,9.62,9.62,reposo
1778715783298,9.6,9.6,reposo
1778715783298,15.58,15.58,reposo
1778715783313,14.96,14.96,reposo
1778715783313,18.41,18.41,reposo
1778715783328,23.5,23.5,reposo
1778715783328,24.09,24.09,reposo
1778715783342,24.62,24.62,reposo
1778715783343,29.1,29.1,reposo
1778715783343,29.13,29.13,reposo
1778715783358,33.16,33.16,reposo
1778715783358,38.78,38.78,reposo
1778715783372,39.84,39.84,reposo
1778715783373,44.8,44.8,reposo
1778715783373,49.26,49.26,reposo
1778715783388,53.27,53.27,reposo
1778715783388,60.89,60.89,reposo
1778715783389,63.74,63.74,reposo
1778715783403,66.3,66.3,reposo
1778715783403,72.61,72.61,reposo
1778715783417,76.29,76.29,reposo
1778715783418,79.6,79.6,reposo
1778715783432,80.58,80.58,reposo
1778715783433,79.46,79.46,reposo
1778715783433,82.46,82.46,reposo
1778715783447,83.15,83.15,reposo
1778715783448,81.78,81.78,reposo
1778715783462,86.54,86.54,reposo
1778715783462,86.83,86.83,reposo
1778715783463,85.08,85.08,reposo
1778715783481,83.51,83.51,reposo
1778715783481,78.1,78.1,reposo
1778715783482,75.23,75.23,reposo
1778715783496,74.65,74.65,reposo
1778715783497,70.12,70.12,reposo
1778715783511,72.05,72.05,reposo
1778715783511,73.79,73.79,reposo
1778715783512,73.35,73.35,reposo
1778715783526,76.95,76.95,reposo
1778715783526,78.2,78.2,reposo
1778715783540,79.32,79.32,reposo
1778715783541,84.33,84.33,reposo
1778715783541,84.83,84.83,reposo
1778715783556,89.29,89.29,reposo
1778715783556,87.3,87.3,reposo
1778715783556,83.51,83.51,reposo
1778715783571,84.1,84.1,reposo
1778715783571,86.63,86.63,reposo
1778715783585,82.91,82.91,reposo
1778715783585,85.56,85.56,reposo
1778715783600,77.94,77.94,reposo
1778715783600,63.09,63.09,reposo
1778715783601,53.72,53.72,reposo
1778715783615,39.29,39.29,reposo
1778715783616,28.3,28.3,reposo
1778715783630,20.41,20.41,reposo
1778715783645,9.31,9.31,reposo
1778715783645,1.32,1.32,reposo
1778715783646,-3.88,-3.88,reposo
1778715783646,-12.55,-12.55,reposo
1778715783646,-18.35,-18.35,reposo
1778715783661,-25.58,-25.58,reposo
1778715783661,-34.08,-34.08,reposo
1778715783675,-37.73,-37.73,reposo
1778715783676,-45.02,-45.02,reposo
1778715783690,-49.58,-49.58,reposo
1778715783691,-49.68,-49.68,reposo
1778715783691,-53.77,-53.77,reposo
1778715783706,-55.45,-55.45,reposo
1778715783720,-54.97,-54.97,reposo
1778715783720,-58.53,-58.53,reposo
1778715783721,-55.74,-55.74,reposo
1778715783721,-55.22,-55.22,reposo
1778715783736,-58.76,-58.76,reposo
1778715783736,-53.95,-53.95,reposo
1778715783737,-47.61,-47.61,reposo
1778715783751,-43.91,-43.91,reposo
1778715783751,-36.58,-36.58,reposo
1778715783766,-35.98,-35.98,reposo
1778715783766,-33.44,-33.44,reposo
1778715783780,-27.16,-27.16,reposo
1778715783781,-23.5,-23.5,reposo
1778715783781,-16.21,-16.21,reposo
1778715783795,-11.65,-11.65,reposo
1778715783796,-13.55,-13.55,reposo
1778715783810,-9.25,-9.25,reposo
1778715783810,-7.39,-7.39,reposo
1778715783811,-7.71,-7.71,reposo
1778715783825,0.0,0.0,reposo
1778715783825,0.94,0.94,reposo
1778715783839,1.79,1.79,reposo
1778715783840,8.55,8.55,reposo
1778715783840,8.63,8.63,reposo
1778715783854,10.71,10.71,reposo
1778715783855,18.58,18.58,reposo
1778715783855,15.66,15.66,reposo
1778715783869,15.04,15.04,reposo
1778715783870,14.47,14.47,reposo
1778715783884,9.97,9.97,reposo
1778715783884,7.91,7.91,reposo
1778715783898,0.06,0.06,reposo
1778715783899,-9.01,-9.01,reposo
1778715783913,-13.17,-13.17,reposo
1778715783913,-20.91,-20.91,reposo
1778715783914,-27.88,-27.88,reposo
1778715783927,-30.15,-30.15,reposo
1778715783928,-38.2,-38.2,reposo
1778715783942,-41.44,-41.44,reposo
1778715783942,-40.35,-40.35,reposo
1778715783943,-43.38,-43.38,reposo
1778715783957,-42.1,-42.1,reposo
1778715783957,-40.95,-40.95,reposo
1778715783958,-41.91,-41.91,reposo
1778715783972,-38.78,-38.78,reposo
1778715783972,-35.97,-35.97,reposo
1778715783986,-35.43,-35.43,reposo
1778715783987,-28.95,-28.95,reposo
1778715784001,-27.11,-27.11,reposo
1778715784001,-23.46,-23.46,reposo
1778715784016,-20.17,-20.17,reposo
1778715784016,-23.22,-23.22,reposo
1778715784016,-21.95,-21.95,reposo
1778715784031,-18.82,-18.82,reposo
1778715784045,-22.0,-22.0,reposo
1778715784046,-20.86,-20.86,reposo
1778715784046,-23.83,-23.83,reposo
1778715784046,-28.51,-28.51,reposo
1778715784061,-24.72,-24.72,reposo
1778715784061,-19.31,-19.31,reposo
1778715784061,-16.44,-16.44,reposo
1778715784076,-11.85,-11.85,reposo
1778715784076,-13.73,-13.73,reposo
1778715784090,-13.41,-13.41,reposo
1778715784090,-11.13,-11.13,reposo
1778715784105,-9.08,-9.08,reposo
1778715784105,-5.23,-5.23,reposo
1778715784105,-3.77,-3.77,reposo
1778715784120,-4.45,-4.45,reposo
1778715784120,2.93,2.93,reposo
1778715784134,7.58,7.58,reposo
1778715784134,11.76,11.76,reposo
1778715784135,19.53,19.53,reposo
1778715784149,22.51,22.51,reposo
1778715784149,23.2,23.2,reposo
1778715784164,25.82,25.82,reposo
1778715784164,24.18,24.18,reposo
1778715784164,28.7,28.7,reposo
1778715784178,32.77,32.77,reposo
1778715784179,32.43,32.43,reposo
1778715784179,36.13,36.13,reposo
1778715784193,37.46,37.46,reposo
1778715784193,36.65,36.65,reposo
1778715784207,39.93,39.93,reposo
1778715784208,34.87,34.87,reposo
1778715784222,26.33,26.33,reposo
1778715784223,22.63,22.63,reposo
1778715784237,15.31,15.31,reposo
1778715784237,12.72,12.72,reposo
1778715784237,16.39,16.39,reposo
1778715784251,17.69,17.69,reposo
1778715784252,22.86,22.86,reposo
1778715784252,25.51,25.51,reposo
1778715784266,25.9,25.9,reposo
1778715784267,32.25,32.25,reposo
1778715784281,35.97,35.97,reposo
1778715784281,39.31,39.31,reposo
1778715784282,46.32,46.32,reposo
1778715784295,46.63,46.63,reposo
1778715784296,50.9,50.9,reposo
1778715784310,56.75,56.75,reposo
1778715784310,56.02,56.02,reposo
1778715784324,63.36,63.36,reposo
1778715784325,69.96,69.96,reposo
1778715786142,29.35,29.35,reposo
1778715786142,29.36,29.36,reposo
1778715786157,35.36,35.36,reposo
1778715786158,42.77,42.77,reposo
1778715786158,47.43,47.43,reposo
1778715786167,53.63,53.63,reposo
1778715786181,53.2,53.2,reposo
1778715786182,56.82,56.82,reposo
1778715786182,62.08,62.08,reposo
1778715786196,60.81,60.81,reposo
1778715786196,63.67,63.67,reposo
1778715786210,64.24,64.24,reposo
1778715786211,60.76,60.76,reposo
1778715786211,61.62,61.62,reposo
1778715786225,62.4,62.4,reposo
1778715786225,61.1,61.1,reposo
1778715786239,59.93,59.93,reposo
1778715786240,54.88,54.88,reposo
1778715786240,50.33,50.33,reposo
1778715786254,50.24,50.24,reposo
1778715786255,44.15,44.15,reposo
1778715786269,44.68,44.68,reposo
1778715786269,47.15,47.15,reposo
1778715786283,45.38,45.38,reposo
1778715786284,43.78,43.78,reposo
1778715786284,44.34,44.34,reposo
1778715786298,44.85,44.85,reposo
1778715786298,47.3,47.3,reposo
1778715786312,47.51,47.51,reposo
1778715786313,47.7,47.7,reposo
1778715786313,53.87,53.87,reposo
1778715786327,55.42,55.42,reposo
1778715786327,60.82,60.82,reposo
1778715786341,67.68,67.68,reposo
1778715786341,69.85,69.85,reposo
1778715786342,75.81,75.81,reposo
1778715786355,79.17,79.17,reposo
1778715786356,80.19,80.19,reposo
1778715786370,83.11,83.11,reposo
1778715786370,81.74,81.74,reposo
1778715786384,78.5,78.5,reposo
1778715786385,79.59,79.59,reposo
1778715786399,76.58,76.58,reposo
1778715786399,75.86,75.86,reposo
1778715786399,75.21,75.21,reposo
1778715786413,72.63,72.63,reposo
1778715786414,74.31,74.31,reposo
1778715786415,73.82,73.82,reposo
1778715786429,73.38,73.38,reposo
1778715786429,76.98,76.98,reposo
1778715786443,78.22,78.22,reposo
1778715786443,75.34,75.34,reposo
1778715786444,72.74,72.74,reposo
1778715786458,68.41,68.41,reposo
1778715786458,66.51,66.51,reposo
1778715786472,68.8,68.8,reposo
1778715786472,68.86,68.86,reposo
1778715786487,70.91,70.91,reposo
1778715786487,70.76,70.76,reposo
1778715786501,68.62,68.62,reposo
1778715786502,70.7,70.7,reposo
1778715786502,70.57,70.57,reposo
1778715786516,68.45,68.45,reposo
1778715786516,68.55,68.55,reposo
1778715786530,66.63,66.63,reposo
1778715786531,60.91,60.91,reposo
1778715786531,59.76,59.76,reposo
1778715786545,54.72,54.72,reposo
1778715786545,54.19,54.19,reposo
1778715786560,51.71,51.71,reposo
1778715786560,43.48,43.48,reposo
1778715786560,42.07,42.07,reposo
1778715786575,42.81,42.81,reposo
1778715786575,41.47,41.47,reposo
1778715786589,44.26,44.26,reposo
1778715786590,44.77,44.77,reposo
1778715786604,43.24,43.24,reposo
1778715786604,45.85,45.85,reposo
1778715786604,44.21,44.21,reposo
1778715786618,44.73,44.73,reposo
1778715786619,45.19,45.19,reposo
1778715786633,43.61,43.61,reposo
1778715786633,46.19,46.19,reposo
1778715786634,48.51,48.51,reposo
1778715786647,46.6,46.6,reposo
1778715786648,50.88,50.88,reposo
1778715786648,52.73,52.73,reposo
1778715786662,54.4,54.4,reposo
1778715786663,59.9,59.9,reposo
1778715786677,60.85,60.85,reposo
1778715786677,61.71,61.71,reposo
1778715786691,66.47,66.47,reposo
1778715786691,68.77,68.77,reposo
1778715786692,66.83,66.83,reposo
1778715786706,67.09,67.09,reposo
1778715786706,63.32,63.32,reposo
1778715786720,65.93,65.93,reposo
1778715786721,68.27,68.27,reposo
1778715786734,62.39,62.39,reposo
1778715786735,57.09,57.09,reposo
1778715786735,52.32,52.32,reposo
1778715786749,52.03,52.03,reposo
1778715786749,51.76,51.76,reposo
1778715786763,47.53,47.53,reposo
1778715786764,43.72,43.72,reposo
1778715786764,42.28,42.28,reposo
1778715786778,41.0,41.0,reposo
1778715786778,43.84,43.84,reposo
1778715786792,44.39,44.39,reposo
1778715786793,40.89,40.89,reposo
1778715786793,37.74,37.74,reposo
1778715786807,36.91,36.91,reposo
1778715786807,36.16,36.16,reposo
1778715786822,39.48,39.48,reposo
1778715786822,38.47,38.47,reposo
1778715786836,37.57,37.57,reposo
1778715786836,40.75,40.75,reposo
1778715786837,37.62,37.62,reposo
1778715786851,36.79,36.79,reposo
1778715786851,36.05,36.05,reposo
1778715786865,33.39,33.39,reposo
1778715786865,34.99,34.99,reposo
1778715786866,34.43,34.43,reposo
1778715786880,29.93,29.93,reposo
1778715786880,27.88,27.88,reposo
1778715786894,26.03,26.03,reposo
1778715786894,22.36,22.36,reposo
1778715786895,19.07,19.07,reposo
1778715786909,12.1,12.1,reposo
1778715786909,5.83,5.83,reposo
1778715786923,4.19,4.19,reposo
1778715786924,0.71,0.71,reposo
1778715786938,-0.42,-0.42,reposo
1778715786938,-3.44,-3.44,reposo
1778715786939,-10.16,-10.16,reposo
1778715786953,-8.2,-8.2,reposo
1778715786953,-6.44,-6.44,reposo
1778715786967,-6.86,-6.86,reposo
1778715786967,-5.23,-5.23,reposo
1778715786968,-7.77,-7.77,reposo
1778715786982,-10.05,-10.05,reposo
1778715786982,-10.11,-10.11,reposo
1778715786996,-10.15,-10.15,reposo
1778715786996,-6.2,-6.2,reposo
1778715786997,-4.64,-4.64,reposo
1778715787011,-5.24,-5.24,reposo
1778715787011,-3.77,-3.77,reposo
1778715787025,-4.45,-4.45,reposo
1778715787026,-5.07,-5.07,reposo
1778715787026,-3.62,-3.62,reposo
1778715787040,-4.32,-4.32,reposo
1778715787041,-6.95,-6.95,reposo
1778715787055,-5.31,-5.31,reposo
1778715787055,-5.84,-5.84,reposo
1778715787055,-8.32,-8.32,reposo
1778715787069,-8.55,-8.55,reposo
1778715787070,-8.75,-8.75,reposo
1778715787084,-8.94,-8.94,reposo
1778715787084,-11.1,-11.1,reposo
1778715787098,-17.05,-17.05,reposo
1778715787099,-18.41,-18.41,reposo
1778715787099,-17.63,-17.63,reposo
1778715787113,-16.92,-16.92,reposo
1778715787113,-14.29,-14.29,reposo
1778715787127,-11.92,-11.92,reposo
1778715787128,-9.79,-9.79,reposo
1778715787128,-3.87,-3.87,reposo
1778715787142,-0.54,-0.54,reposo
1778715787143,4.45,4.45,reposo
1778715787157,14.95,14.95,reposo
1778715787157,20.39,20.39,reposo
1778715787157,27.29,27.29,reposo
1778715787172,33.5,33.5,reposo
1778715787172,35.09,35.09,reposo
1778715787186,40.52,40.52,reposo
1778715787187,45.41,45.41,reposo
1778715787200,41.81,41.81,reposo
1778715787201,42.57,42.57,reposo
1778715787201,45.25,45.25,reposo
1778715787215,45.67,45.67,reposo
1778715787216,46.04,46.04,reposo
1778715787230,46.38,46.38,reposo
1778715787230,46.68,46.68,reposo
1778715787230,46.95,46.95,reposo
1778715787244,45.2,45.2,reposo
1778715787245,49.62,49.62,reposo
1778715787259,55.59,55.59,reposo
1778715787259,50.97,50.97,reposo
1778715787259,48.82,48.82,reposo
1778715787274,44.88,44.88,reposo
1778715787274,39.33,39.33,reposo
1778715787288,38.34,38.34,reposo
1778715787289,33.44,33.44,reposo
1778715787289,27.04,27.04,reposo
1778715787303,23.27,23.27,reposo
1778715787303,11.89,11.89,reposo
1778715787317,3.64,3.64,reposo
1778715787318,-3.79,-3.79,reposo
1778715787332,-16.47,-16.47,reposo
1778715787332,-25.88,-25.88,reposo
1778715787332,-34.35,-34.35,reposo
1778715787346,-43.98,-43.98,reposo
1778715787347,-50.64,-50.64,reposo
1778715787361,-58.64,-58.64,reposo
1778715787361,-67.83,-67.83,reposo
1778715787362,-72.11,-72.11,reposo
1778715787376,-79.96,-79.96,reposo
1778715787376,-87.02,-87.02,reposo
1778715787390,-95.38,-95.38,reposo
1778715787405,-102.9,-102.9,reposo
1778715787405,-105.67,-105.67,reposo
1778715787406,-104.16,-104.16,reposo
1778715787406,-102.81,-102.81,reposo
1778715787420,-99.59,-99.59,reposo
1778715787421,-96.69,-96.69,reposo
1778715787435,-96.08,-96.08,reposo
1778715787435,-91.53,-91.53,reposo
1778715787435,-85.44,-85.44,reposo
1778715787449,-77.95,-77.95,reposo
1778715787450,-69.22,-69.22,reposo
1778715787464,-65.36,-65.36,reposo
1778715787464,-59.88,-59.88,reposo
1778715787465,-50.95,-50.95,reposo
1778715787478,-44.92,-44.92,reposo
1778715787479,-37.49,-37.49,reposo
1778715787493,-28.8,-28.8,reposo
1778715787494,-22.98,-22.98,reposo
1778715787494,-17.74,-17.74,reposo
1778715787508,-13.03,-13.03,reposo
1778715787509,-4.78,-4.78,reposo
1778715787523,4.63,4.63,reposo
1778715787523,11.11,11.11,reposo
1778715787538,14.94,14.94,reposo
1778715787538,16.39,16.39,reposo
1778715787539,13.69,13.69,reposo
1778715787553,15.26,15.26,reposo
1778715787553,18.67,18.67,reposo
1778715787554,19.75,19.75,reposo
1778715787568,20.71,20.71,reposo
1778715787568,19.58,19.58,reposo
1778715787582,18.56,18.56,reposo
1778715787583,19.65,19.65,reposo
1778715787583,16.62,16.62,reposo
1778715787597,13.9,13.9,reposo
1778715787611,13.45,13.45,reposo
1778715787611,7.04,7.04,reposo
1778715787612,7.28,7.28,reposo
1778715787626,9.49,9.49,reposo
1778715787627,7.48,7.48,reposo
1778715787627,5.67,5.67,reposo
1778715787641,6.05,6.05,reposo
1778715787641,8.38,8.38,reposo
1778715787655,10.48,10.48,reposo
1778715787656,12.38,12.38,reposo
1778715787656,14.08,14.08,reposo
1778715789442,-256.35,-256.35,reposo
1778715789442,-247.78,-247.78,reposo
1778715789458,-238.06,-238.06,reposo
1778715789459,-231.31,-231.31,reposo
1778715789459,-221.24,-221.24,reposo
1778715789468,-214.18,-214.18,reposo
1778715789483,-211.82,-211.82,reposo
1778715789483,-203.7,-203.7,reposo
1778715789484,-198.39,-198.39,reposo
1778715789498,-191.61,-191.61,reposo
1778715789499,-183.51,-183.51,reposo
1778715789513,-178.22,-178.22,reposo
1778715789514,-171.46,-171.46,reposo
1778715789515,-165.37,-165.37,reposo
1778715789530,-159.89,-159.89,reposo
1778715789531,-150.96,-150.96,reposo
1778715789545,-140.93,-140.93,reposo
1778715789546,-135.89,-135.89,reposo
1778715789546,-133.37,-133.37,reposo
1778715789561,-135.09,-135.09,reposo
1778715789561,-132.64,-132.64,reposo
1778715789562,-124.44,-124.44,reposo
1778715789576,-121.05,-121.05,reposo
1778715789576,-116.01,-116.01,reposo
1778715789591,-109.47,-109.47,reposo
1778715789592,-107.58,-107.58,reposo
1778715789606,-101.88,-101.88,reposo
1778715789607,-94.75,-94.75,reposo
1778715789607,-90.34,-90.34,reposo
1778715789622,-90.36,-90.36,reposo
1778715789622,-92.39,-92.39,reposo
1778715789623,-90.21,-90.21,reposo
1778715789637,-88.25,-88.25,reposo
1778715789637,-86.48,-86.48,reposo
1778715789652,-82.9,-82.9,reposo
1778715789653,-79.67,-79.67,reposo
1778715789667,-80.76,-80.76,reposo
1778715789668,-79.74,-79.74,reposo
1778715789668,-80.83,-80.83,reposo
1778715789683,-81.81,-81.81,reposo
1778715789683,-80.69,-80.69,reposo
1778715789683,-83.68,-83.68,reposo
1778715789698,-88.37,-88.37,reposo
1778715789698,-88.59,-88.59,reposo
1778715789713,-90.79,-90.79,reposo
1778715789713,-90.77,-90.77,reposo
1778715789714,-88.76,-88.76,reposo
1778715789728,-88.94,-88.94,reposo
1778715789729,-89.11,-89.11,reposo
1778715789743,-93.26,-93.26,reposo
1778715789743,-94.99,-94.99,reposo
1778715789758,-92.55,-92.55,reposo
1778715789758,-90.36,-90.36,reposo
1778715789759,-90.38,-90.38,reposo
1778715789773,-88.4,-88.4,reposo
1778715789774,-88.62,-88.62,reposo
1778715789774,-82.82,-82.82,reposo
1778715789789,-77.6,-77.6,reposo
1778715789789,-74.9,-74.9,reposo
1778715789790,-68.47,-68.47,reposo
1778715789804,-62.68,-62.68,reposo
1778715789805,-57.47,-57.47,reposo
1778715789819,-48.79,-48.79,reposo
1778715789820,-44.97,-44.97,reposo
1778715789834,-39.53,-39.53,reposo
1778715789834,-32.64,-32.64,reposo
1778715789835,-28.43,-28.43,reposo
1778715789850,-24.65,-24.65,reposo
1778715789850,-19.25,-19.25,reposo
1778715789865,-16.38,-16.38,reposo
1778715789865,-13.8,-13.8,reposo
1778715789866,-9.48,-9.48,reposo
1778715789880,-9.59,-9.59,reposo
1778715789881,-7.69,-7.69,reposo
1778715789881,-5.99,-5.99,reposo
1778715789896,-2.45,-2.45,reposo
1778715789896,2.74,2.74,reposo
1778715789910,5.4,5.4,reposo
1778715789911,7.8,7.8,reposo
1778715789925,11.96,11.96,reposo
1778715789926,15.71,15.71,reposo
1778715789926,19.08,19.08,reposo
1778715789941,24.11,24.11,reposo
1778715789941,28.64,28.64,reposo
1778715789941,36.71,36.71,reposo
1778715789956,39.98,39.98,reposo
1778715789956,40.92,40.92,reposo
1778715789971,47.77,47.77,reposo
1778715789971,51.93,51.93,reposo
1778715789972,55.68,55.68,reposo
1778715789986,57.05,57.05,reposo
1778715789987,56.29,56.29,reposo
1778715790001,55.6,55.6,reposo
1778715790002,54.98,54.98,reposo
1778715790016,54.42,54.42,reposo
1778715790017,55.92,55.92,reposo
1778715790017,51.27,51.27,reposo
1778715790031,45.08,45.08,reposo
1778715790032,39.51,39.51,reposo
1778715790032,30.5,30.5,reposo
1778715790046,22.39,22.39,reposo
1778715790047,19.09,19.09,reposo
1778715790061,14.12,14.12,reposo
1778715790062,7.65,7.65,reposo
1778715790062,5.83,5.83,reposo
1778715790076,4.18,4.18,reposo
1778715790077,4.7,4.7,reposo
1778715790077,7.17,7.17,reposo
1778715790091,3.4,3.4,reposo
1778715790092,4.0,4.0,reposo
1778715790106,6.54,6.54,reposo
1778715790107,6.82,6.82,reposo
1778715790121,9.08,9.08,reposo
1778715790122,13.11,13.11,reposo
1778715790122,14.74,14.74,reposo
1778715790137,16.21,16.21,reposo
1778715790137,17.53,17.53,reposo
1778715790152,18.71,18.71,reposo
1778715790152,25.78,25.78,reposo
1778715790153,32.14,32.14,reposo
1778715790167,35.87,35.87,reposo
1778715790168,39.22,39.22,reposo
1778715790168,38.24,38.24,reposo
1778715790183,41.36,41.36,reposo
1778715790183,44.16,44.16,reposo
1778715790198,42.68,42.68,reposo
1778715790198,41.36,41.36,reposo
1778715790213,40.16,40.16,reposo
1778715790214,39.08,39.08,reposo
1778715790214,42.12,42.12,reposo
1778715790229,40.84,40.84,reposo
1778715790229,39.7,39.7,reposo
1778715790229,40.67,40.67,reposo
1778715790244,39.54,39.54,reposo
1778715790244,40.53,40.53,reposo
1778715790245,43.42,43.42,reposo
1778715790259,48.01,48.01,reposo
1778715790260,52.15,52.15,reposo
1778715790274,55.88,55.88,reposo
1778715790274,65.23,65.23,reposo
1778715790289,79.65,79.65,reposo
1778715790289,94.62,94.62,reposo
1778715790290,110.1,110.1,reposo
1778715790304,128.03,128.03,reposo
1778715790305,146.17,146.17,reposo
1778715790319,166.49,166.49,reposo
1778715790320,182.78,182.78,reposo
1778715790320,191.44,191.44,reposo
1778715790334,203.24,203.24,reposo
1778715790335,207.85,207.85,reposo
1778715790349,214.01,214.01,reposo
1778715790350,217.55,217.55,reposo
1778715790364,214.73,214.73,reposo
1778715790365,214.2,214.2,reposo
1778715790365,215.72,215.72,reposo
1778715790379,211.09,211.09,reposo
1778715790380,206.92,206.92,reposo
1778715790380,205.17,205.17,reposo
1778715790395,203.59,203.59,reposo
1778715790395,204.17,204.17,reposo
1778715790409,202.69,202.69,reposo
1778715790410,197.36,197.36,reposo
1778715790410,190.57,190.57,reposo
1778715790425,184.45,184.45,reposo
1778715790425,180.95,180.95,reposo
1778715790440,181.79,181.79,reposo
1778715790440,178.55,178.55,reposo
1778715790455,179.64,179.64,reposo
1778715790456,178.61,178.61,reposo
1778715790456,173.69,173.69,reposo
1778715790471,171.26,171.26,reposo
1778715790471,167.08,167.08,reposo
1778715790471,161.31,161.31,reposo
1778715790486,160.12,160.12,reposo
1778715790486,155.05,155.05,reposo
1778715790501,148.48,148.48,reposo
1778715790501,140.57,140.57,reposo
1778715790516,133.46,133.46,reposo
1778715790516,129.05,129.05,reposo
1778715790517,125.09,125.09,reposo
1778715790532,119.52,119.52,reposo
1778715790532,118.51,118.51,reposo
1778715790532,115.59,115.59,reposo
1778715790547,112.98,112.98,reposo
1778715790547,112.62,112.62,reposo
1778715790562,112.3,112.3,reposo
1778715790563,114.01,114.01,reposo
1778715790577,115.55,115.55,reposo
1778715790578,112.93,112.93,reposo
1778715790578,112.58,112.58,reposo
1778715790593,114.26,114.26,reposo
1778715790593,113.77,113.77,reposo
1778715790594,117.34,117.34,reposo
1778715790608,114.54,114.54,reposo
1778715790609,114.03,114.03,reposo
1778715790623,113.57,113.57,reposo
1778715790624,109.15,109.15,reposo
1778715790639,113.17,113.17,reposo
1778715790639,114.8,114.8,reposo
1778715790639,114.26,114.26,reposo
1778715790654,113.77,113.77,reposo
1778715790654,113.33,113.33,reposo
1778715790655,108.94,108.94,reposo
1778715790669,108.99,108.99,reposo
1778715790670,107.03,107.03,reposo
1778715790684,109.27,109.27,reposo
1778715790684,111.28,111.28,reposo
1778715790685,113.09,113.09,reposo
1778715790699,114.72,114.72,reposo
1778715790700,114.19,114.19,reposo
1778715790714,111.71,111.71,reposo
1778715790715,113.48,113.48,reposo
1778715790729,115.07,115.07,reposo
1778715790729,116.5,116.5,reposo
1778715790730,119.79,119.79,reposo
1778715790744,116.75,116.75,reposo
1778715790744,116.02,116.02,reposo
1778715790745,117.36,117.36,reposo
1778715790760,114.56,114.56,reposo
1778715790760,112.05,112.05,reposo
1778715790774,109.78,109.78,reposo
1778715790775,105.74,105.74,reposo
1778715790789,104.11,104.11,reposo
1778715790790,96.64,96.64,reposo
1778715790790,89.91,89.91,reposo
1778715790804,87.86,87.86,reposo
1778715790805,82.02,82.02,reposo
1778715790819,76.75,76.75,reposo
1778715790819,72.02,72.02,reposo
1778715790820,63.76,63.76,reposo
1778715790834,58.32,58.32,reposo
1778715790834,55.43,55.43,reposo
1778715790835,54.83,54.83,reposo
1778715790849,56.28,56.28,reposo
1778715790849,53.6,53.6,reposo
1778715790864,53.18,53.18,reposo
1778715790864,54.8,54.8,reposo
1778715790878,52.26,52.26,reposo
1778715790878,51.97,51.97,reposo
1778715790893,53.72,53.72,reposo
1778715790893,51.28,51.28,reposo
1778715790893,53.1,53.1,reposo
1778715790907,54.73,54.73,reposo
1778715790908,52.19,52.19,reposo
1778715790908,51.91,51.91,reposo
1778715790923,49.66,49.66,reposo
1778715790923,45.64,45.64,reposo
1778715790937,44.01,44.01,reposo
1778715790938,38.55,38.55,reposo
1778715790938,33.64,33.64,reposo
1778715792752,4.2,4.2,reposo
1778715792753,2.72,2.72,reposo
1778715792768,3.39,3.39,reposo
1778715792768,7.99,7.99,reposo
1778715792769,10.13,10.13,reposo
1778715792778,14.06,14.06,reposo
1778715792793,13.59,13.59,reposo
1778715792793,19.17,19.17,reposo
1778715792793,28.2,28.2,reposo
1778715792807,38.32,38.32,reposo
1778715792808,53.42,53.42,reposo
1778715792808,73.02,73.02,reposo
1778715792822,90.66,90.66,reposo
1778715792823,110.53,110.53,reposo
1778715792837,132.42,132.42,reposo
1778715792837,148.12,148.12,reposo
1778715792852,164.25,164.25,reposo
1778715792852,176.76,176.76,reposo
1778715792853,184.03,184.03,reposo
1778715792867,192.56,192.56,reposo
1778715792868,200.25,200.25,reposo
1778715792882,209.16,209.16,reposo
1778715792883,215.19,215.19,reposo
1778715792883,218.61,218.61,reposo
1778715792897,219.69,219.69,reposo
1778715792897,222.66,222.66,reposo
1778715792911,221.33,221.33,reposo
1778715792912,224.14,224.14,reposo
1778715792912,224.66,224.66,reposo
1778715792926,221.14,221.14,reposo
1778715792927,219.96,219.96,reposo
1778715792941,212.91,212.91,reposo
1778715792941,206.56,206.56,reposo
1778715792955,202.84,202.84,reposo
1778715792956,197.5,197.5,reposo
1778715792956,194.69,194.69,reposo
1778715792970,190.16,190.16,reposo
1778715792971,186.08,186.08,reposo
1778715792985,182.41,182.41,reposo
1778715792985,175.11,175.11,reposo
1778715792986,168.54,168.54,reposo
1778715793000,164.63,164.63,reposo
1778715793001,159.1,159.1,reposo
1778715793015,154.13,154.13,reposo
1778715793016,145.66,145.66,reposo
1778715793030,138.03,138.03,reposo
1778715793030,135.17,135.17,reposo
1778715793031,132.59,132.59,reposo
1778715793045,130.27,130.27,reposo
1778715793045,130.19,130.19,reposo
1778715793060,126.11,126.11,reposo
1778715793060,124.44,124.44,reposo
1778715793060,120.93,120.93,reposo
1778715793075,117.78,117.78,reposo
1778715793075,116.94,116.94,reposo
1778715793089,116.19,116.19,reposo
1778715793089,111.51,111.51,reposo
1778715793104,111.3,111.3,reposo
1778715793104,107.11,107.11,reposo
1778715793104,101.34,101.34,reposo
1778715793119,98.14,98.14,reposo
1778715793119,95.27,95.27,reposo
1778715793119,94.68,94.68,reposo
1778715793134,96.15,96.15,reposo
1778715793134,97.48,97.48,reposo
1778715793148,106.67,106.67,reposo
1778715793148,118.94,118.94,reposo
1778715793149,131.99,131.99,reposo
1778715793164,151.73,151.73,reposo
1778715793165,169.5,169.5,reposo
1778715793180,185.49,185.49,reposo
1778715793180,203.88,203.88,reposo
1778715793196,214.43,214.43,reposo
1778715793196,225.93,225.93,reposo
1778715793197,236.28,236.28,reposo
1778715793212,243.59,243.59,reposo
1778715793213,250.17,250.17,reposo
1778715793213,254.09,254.09,reposo
1778715793228,253.62,253.62,reposo
1778715793229,257.2,257.2,reposo
1778715793244,256.42,256.42,reposo
1778715793245,253.72,253.72,reposo
1778715793245,247.29,247.29,reposo
1778715793260,235.5,235.5,reposo
1778715793261,224.89,224.89,reposo
1778715793261,217.34,217.34,reposo
1778715793276,208.55,208.55,reposo
1778715793276,200.63,200.63,reposo
1778715793291,189.51,189.51,reposo
1778715793307,175.5,175.5,reposo
1778715793307,166.89,166.89,reposo
1778715793307,151.14,151.14,reposo
1778715793308,140.96,140.96,reposo
1778715793308,131.81,131.81,reposo
1778715793323,121.57,121.57,reposo
1778715793324,116.35,116.35,reposo
1778715793339,113.66,113.66,reposo
1778715793339,109.23,109.23,reposo
1778715793354,109.25,109.25,reposo
1778715793354,107.26,107.26,reposo
1778715793354,105.48,105.48,reposo
1778715793369,107.87,107.87,reposo
1778715793369,108.02,108.02,reposo
1778715793370,116.16,116.16,reposo
1778715793384,127.48,127.48,reposo
1778715793384,141.68,141.68,reposo
1778715793399,154.45,154.45,reposo
1778715793399,163.94,163.94,reposo
1778715793399,164.49,164.49,reposo
1778715793414,166.98,166.98,reposo
1778715793414,163.22,163.22,reposo
1778715793428,159.84,159.84,reposo
1778715793429,158.8,158.8,reposo
1778715793443,153.86,153.86,reposo
1778715793443,149.41,149.41,reposo
1778715793444,143.41,143.41,reposo
1778715793458,136.01,136.01,reposo
1778715793458,129.35,129.35,reposo
1778715793473,121.35,121.35,reposo
1778715793473,112.16,112.16,reposo
1778715793473,107.88,107.88,reposo
1778715793488,102.03,102.03,reposo
1778715793489,94.77,94.77,reposo
1778715793503,90.23,90.23,reposo
1778715793504,84.15,84.15,reposo
1778715793504,80.67,80.67,reposo
1778715793519,75.55,75.55,reposo
1778715793520,70.93,70.93,reposo
1778715793535,68.78,68.78,reposo
1778715793535,66.84,66.84,reposo
1778715793536,65.1,65.1,reposo
1778715793550,69.53,69.53,reposo
1778715793551,71.51,71.51,reposo
1778715793551,71.3,71.3,reposo
1778715793566,71.11,71.11,reposo
1778715793567,66.94,66.94,reposo
1778715793582,65.19,65.19,reposo
1778715793582,61.61,61.61,reposo
1778715793582,56.39,56.39,reposo
1778715793597,53.69,53.69,reposo
1778715793598,49.26,49.26,reposo
1778715793613,39.27,39.27,reposo
1778715793614,30.29,30.29,reposo
1778715793614,22.2,22.2,reposo
1778715793629,16.92,16.92,reposo
1778715793629,14.17,14.17,reposo
1778715793630,7.69,7.69,reposo
1778715793645,-0.14,-0.14,reposo
1778715793645,-3.19,-3.19,reposo
1778715793661,-5.93,-5.93,reposo
1778715793661,-2.39,-2.39,reposo
1778715793662,2.79,2.79,reposo
1778715793677,1.45,1.45,reposo
1778715793678,2.24,2.24,reposo
1778715793678,4.96,4.96,reposo
1778715793695,5.4,5.4,reposo
1778715793696,7.8,7.8,reposo
1778715793696,7.96,7.96,reposo
1778715793711,8.11,8.11,reposo
1778715793712,12.24,12.24,reposo
1778715793726,7.95,7.95,reposo
1778715793727,4.1,4.1,reposo
1778715793727,8.63,8.63,reposo
1778715793742,4.7,4.7,reposo
1778715793742,-6.83,-6.83,reposo
1778715793743,-21.2,-21.2,reposo
1778715793757,-42.14,-42.14,reposo
1778715793772,-62.99,-62.99,reposo
1778715793772,-85.75,-85.75,reposo
1778715793773,-112.24,-112.24,reposo
1778715793773,-132.07,-132.07,reposo
1778715793788,-153.92,-153.92,reposo
1778715793788,-173.59,-173.59,reposo
1778715793803,-189.29,-189.29,reposo
1778715793803,-201.42,-201.42,reposo
1778715793804,-210.34,-210.34,reposo
1778715793818,-216.37,-216.37,reposo
1778715793818,-227.79,-227.79,reposo
1778715793833,-232.07,-232.07,reposo
1778715793833,-233.92,-233.92,reposo
1778715793834,-237.59,-237.59,reposo
1778715793848,-234.89,-234.89,reposo
1778715793849,-234.46,-234.46,reposo
1778715793863,-238.08,-238.08,reposo
1778715793863,-237.33,-237.33,reposo
1778715793877,-238.66,-238.66,reposo
1778715793877,-239.85,-239.85,reposo
1778715793878,-238.93,-238.93,reposo
1778715793892,-240.09,-240.09,reposo
1778715793907,-239.14,-239.14,reposo
1778715793908,-238.29,-238.29,reposo
1778715793923,-239.52,-239.52,reposo
1778715793938,-242.63,-242.63,reposo
1778715793938,-249.43,-249.43,reposo
1778715793939,-253.54,-253.54,reposo
1778715793939,-255.25,-255.25,reposo
1778715793940,-258.78,-258.78,reposo
1778715793940,-257.97,-257.97,reposo
1778715793955,-257.23,-257.23,reposo
1778715793970,-256.57,-256.57,reposo
1778715793985,-253.97,-253.97,reposo
1778715794000,-251.63,-251.63,reposo
1778715794001,-251.53,-251.53,reposo
1778715794001,-245.44,-245.44,reposo
1778715794001,-239.95,-239.95,reposo
1778715794002,-237.02,-237.02,reposo
1778715794002,-232.38,-232.38,reposo
1778715794003,-228.2,-228.2,reposo
1778715794018,-220.44,-220.44,reposo
1778715794018,-211.45,-211.45,reposo
1778715794018,-205.37,-205.37,reposo
1778715794033,-199.89,-199.89,reposo
1778715794033,-198.96,-198.96,reposo
1778715794034,-196.13,-196.13,reposo
1778715794049,-187.57,-187.57,reposo
1778715794049,-181.88,-181.88,reposo
1778715794064,-176.75,-176.75,reposo
1778715794064,-174.13,-174.13,reposo
1778715794079,-175.78,-175.78,reposo
1778715794080,-173.26,-173.26,reposo
1778715794080,-173.0,-173.0,reposo
1778715794096,-172.76,-172.76,reposo
1778715794096,-168.54,-168.54,reposo
1778715794097,-166.75,-166.75,reposo
1778715794112,-163.13,-163.13,reposo
1778715794113,-157.88,-157.88,reposo
1778715794127,-153.15,-153.15,reposo
1778715794142,-144.9,-144.9,reposo
1778715794142,-137.47,-137.47,reposo
1778715794142,-130.78,-130.78,reposo
1778715794143,-120.76,-120.76,reposo
1778715794157,-113.75,-113.75,reposo
1778715794158,-105.43,-105.43,reposo
1778715794158,-95.95,-95.95,reposo
1778715794172,-89.41,-89.41,reposo
1778715794173,-83.53,-83.53,reposo
1778715794187,-78.24,-78.24,reposo
1778715794188,-77.47,-77.47,reposo
1778715794202,-74.79,-74.79,reposo
1778715794203,-72.37,-72.37,reposo
1778715794203,-72.19,-72.19,reposo
1778715794217,-70.03,-70.03,reposo
1778715794218,-74.09,-74.09,reposo
1778715794218,-81.74,-81.74,reposo
1778715794233,-86.63,-86.63,reposo
1778715794233,-91.02,-91.02,reposo
1778715794233,-92.98,-92.98,reposo
1778715794248,-92.74,-92.74,reposo
1778715794248,-94.53,-94.53,reposo
1778715794262,-92.14,-92.14,reposo
1778715794263,-89.98,-89.98,reposo
1778715794277,-92.04,-92.04,reposo
1778715794277,-89.9,-89.9,reposo
1778715794291,-85.97,-85.97,reposo
1778715794292,-80.43,-80.43,reposo
1778715794292,-71.45,-71.45,reposo
1778715796135,54.39,54.39,reposo
1778715796150,53.89,53.89,reposo
1778715796150,51.44,51.44,reposo
1778715796151,47.23,47.23,reposo
1778715796151,51.45,51.45,reposo
1778715796151,49.25,49.25,reposo
1778715796152,47.26,47.26,reposo
1778715796161,47.48,47.48,reposo
1778715796161,43.67,43.67,reposo
1778715796175,42.24,42.24,reposo
1778715796175,44.96,44.96,reposo
1778715796176,43.4,43.4,reposo
1778715796177,42.0,42.0,reposo
1778715796177,40.74,40.74,reposo
1778715796191,39.61,39.61,reposo
1778715796205,44.59,44.59,reposo
1778715796219,45.07,45.07,reposo
1778715796233,43.5,43.5,reposo
1778715796234,48.09,48.09,reposo
1778715796234,50.22,50.22,reposo
1778715796248,54.14,54.14,reposo
1778715796262,59.67,59.67,reposo
1778715796276,62.64,62.64,reposo
1778715796290,67.32,67.32,reposo
1778715796304,67.52,67.52,reposo
1778715796319,63.71,63.71,reposo
1778715796333,66.28,66.28,reposo
1778715796347,66.59,66.59,reposo
1778715796361,64.87,64.87,reposo
1778715796375,67.33,67.33,reposo
1778715796375,67.53,67.53,reposo
1778715796375,65.72,65.72,reposo
1778715796376,66.09,66.09,reposo
1778715796376,64.42,64.42,reposo
1778715796390,68.92,68.92,reposo
1778715796391,74.97,74.97,reposo
1778715796405,82.41,82.41,reposo
1778715796405,91.11,91.11,reposo
1778715796419,86.94,86.94,reposo
1778715796433,71.18,71.18,reposo
1778715796447,57.01,57.01,reposo
1778715796461,36.24,36.24,reposo
1778715796489,11.56,11.56,reposo
1778715796503,-16.66,-16.66,reposo
1778715796518,-46.05,-46.05,reposo
1778715796532,-74.51,-74.51,reposo
1778715796532,-98.11,-98.11,reposo
1778715796547,-121.36,-121.36,reposo
1778715796548,-142.29,-142.29,reposo
1778715796563,-163.12,-163.12,reposo
1778715796563,-181.87,-181.87,reposo
1778715796564,-194.74,-194.74,reposo
1778715796591,-208.33,-208.33,reposo
1778715796606,-222.55,-222.55,reposo
1778715796607,-231.36,-231.36,reposo
1778715796622,-241.28,-241.28,reposo
1778715796636,-252.21,-252.21,reposo
1778715796637,-258.05,-258.05,reposo
1778715796637,-259.31,-259.31,reposo
1778715796651,-258.44,-258.44,reposo
1778715796666,-263.65,-263.65,reposo
1778715796666,-270.35,-270.35,reposo
1778715796680,-268.37,-268.37,reposo
1778715796694,-266.6,-266.6,reposo
1778715796721,-263.0,-263.0,reposo
1778715796736,-257.76,-257.76,reposo
1778715796750,-257.04,-257.04,reposo
1778715796750,-252.4,-252.4,reposo
1778715796764,-246.22,-246.22,reposo
1778715796765,-244.66,-244.66,reposo
1778715796766,-239.25,-239.25,reposo
1778715796766,-234.38,-234.38,reposo
1778715796780,-232.01,-232.01,reposo
1778715796808,-225.87,-225.87,reposo
1778715796810,-220.34,-220.34,reposo
1778715796837,-213.37,-213.37,reposo
1778715796839,-207.09,-207.09,reposo
1778715796854,-207.44,-207.44,reposo
1778715796868,-203.76,-203.76,reposo
1778715796883,-198.44,-198.44,reposo
1778715796897,-193.66,-193.66,reposo
1778715796912,-187.35,-187.35,reposo
1778715796926,-183.68,-183.68,reposo
1778715796954,-178.37,-178.37,reposo
1778715796955,-169.59,-169.59,reposo
1778715796970,-159.69,-159.69,reposo
1778715796984,-150.78,-150.78,reposo
1778715796998,-150.76,-150.76,reposo
1778715797013,-158.75,-158.75,reposo
1778715797027,-165.93,-165.93,reposo
1778715797042,-180.4,-180.4,reposo
1778715797056,-199.42,-199.42,reposo
1778715797070,-218.54,-218.54,reposo
1778715797098,-239.74,-239.74,reposo
1778715797099,-256.83,-256.83,reposo
1778715797100,-274.21,-274.21,reposo
1778715797114,-289.85,-289.85,reposo
1778715797129,-299.92,-299.92,reposo
1778715797129,-308.99,-308.99,reposo
1778715797130,-321.15,-321.15,reposo
1778715797144,-326.1,-326.1,reposo
1778715797159,-332.55,-332.55,reposo
1778715797174,-340.35,-340.35,reposo
1778715797188,-345.38,-345.38,reposo
1778715797203,-353.9,-353.9,reposo
1778715797204,-361.57,-361.57,reposo
1778715797218,-362.47,-362.47,reposo
1778715797233,-361.28,-361.28,reposo
1778715797247,-360.22,-360.22,reposo
1778715797261,-357.25,-357.25,reposo
1778715797276,-354.59,-354.59,reposo
1778715797290,-350.19,-350.19,reposo
1778715797305,-348.23,-348.23,reposo
1778715797305,-344.47,-344.47,reposo
1778715797320,-323.08,-323.08,reposo
1778715797334,-297.83,-297.83,reposo
1778715797335,-271.11,-271.11,reposo
1778715797362,-243.06,-243.06,reposo
1778715797376,-215.81,-215.81,reposo
1778715797391,-189.29,-189.29,reposo
1778715797405,-167.42,-167.42,reposo
1778715797420,-149.74,-149.74,reposo
1778715797434,-131.83,-131.83,reposo
1778715797448,-115.7,-115.7,reposo
1778715797463,-99.19,-99.19,reposo
1778715797465,-80.33,-80.33,reposo
1778715797479,-69.36,-69.36,reposo
1778715797494,-57.48,-57.48,reposo
1778715797494,-44.8,-44.8,reposo
1778715797509,-41.38,-41.38,reposo
1778715797523,-38.3,-38.3,reposo
1778715797537,-33.53,-33.53,reposo
1778715797552,-29.24,-29.24,reposo
1778715797566,-23.37,-23.37,reposo
1778715797580,-20.1,-20.1,reposo
1778715797581,-17.15,-17.15,reposo
1778715797581,-14.49,-14.49,reposo
1778715797595,-14.1,-14.1,reposo
1778715797595,-11.75,-11.75,reposo
1778715797596,-5.64,-5.64,reposo
1778715797596,-0.13,-0.13,reposo
1778715797596,6.82,6.82,reposo
1778715797597,13.08,13.08,reposo
1778715797597,8.71,8.71,reposo
1778715797611,2.78,2.78,reposo
1778715797611,-4.56,-4.56,reposo
1778715797639,-13.16,-13.16,reposo
1778715797640,-22.91,-22.91,reposo
1778715797654,-37.68,-37.68,reposo
1778715797668,-46.97,-46.97,reposo
1778715797683,-49.33,-49.33,reposo
1778715799546,32.34,32.34,reposo
1778715799547,32.04,32.04,reposo
1778715799547,27.78,27.78,reposo
1778715799548,27.94,27.94,reposo
1778715799548,28.09,28.09,reposo
1778715799557,24.22,24.22,reposo
1778715799558,24.74,24.74,reposo
1778715799573,21.2,21.2,reposo
1778715799588,16.02,16.02,reposo
1778715799603,15.36,15.36,reposo
1778715799618,14.76,14.76,reposo
1778715799633,14.23,14.23,reposo
1778715799648,19.74,19.74,reposo
1778715799662,20.71,20.71,reposo
1778715799677,21.58,21.58,reposo
1778715799692,26.36,26.36,reposo
1778715799692,32.67,32.67,reposo
1778715799707,32.34,32.34,reposo
1778715799721,26.04,26.04,reposo
1778715799722,16.38,16.38,reposo
1778715799736,9.68,9.68,reposo
1778715799751,-0.35,-0.35,reposo
1778715799765,-11.37,-11.37,reposo
1778715799780,-17.29,-17.29,reposo
1778715799794,-24.62,-24.62,reposo
1778715799822,-29.22,-29.22,reposo
1778715799837,-31.36,-31.36,reposo
1778715799852,-39.28,-39.28,reposo
1778715799866,-42.42,-42.42,reposo
1778715799881,-43.23,-43.23,reposo
1778715799883,-43.97,-43.97,reposo
1778715799897,-42.63,-42.63,reposo
1778715799912,-41.43,-41.43,reposo
1778715799927,-42.35,-42.35,reposo
1778715799928,-37.17,-37.17,reposo
1778715799942,-32.52,-32.52,reposo
1778715799957,-30.32,-30.32,reposo
1778715799971,-26.35,-26.35,reposo
1778715799972,-24.78,-24.78,reposo
1778715799986,-23.36,-23.36,reposo
1778715799987,-20.08,-20.08,reposo
1778715800001,-17.13,-17.13,reposo
1778715800016,-16.48,-16.48,reposo
1778715800016,-15.89,-15.89,reposo
1778715800031,-19.36,-19.36,reposo
1778715800032,-20.49,-20.49,reposo
1778715800032,-23.5,-23.5,reposo
1778715800032,-28.21,-28.21,reposo
1778715800047,-30.45,-30.45,reposo
1778715800062,-34.46,-34.46,reposo
1778715800076,-40.08,-40.08,reposo
1778715800108,-45.13,-45.13,reposo
1778715800109,-55.68,-55.68,reposo
1778715800125,-63.17,-63.17,reposo
1778715800126,-67.91,-67.91,reposo
1778715800141,-72.18,-72.18,reposo
1778715800142,-72.02,-72.02,reposo
1778715800142,-73.88,-73.88,reposo
1778715800144,-77.55,-77.55,reposo
1778715800173,-76.86,-76.86,reposo
1778715800173,-78.23,-78.23,reposo
1778715800176,-75.47,-75.47,reposo
1778715800190,-68.98,-68.98,reposo
1778715800206,-67.14,-67.14,reposo
1778715800220,-65.49,-65.49,reposo
1778715800235,-62.0,-62.0,reposo
1778715800250,-58.86,-58.86,reposo
1778715800265,-42.03,-42.03,reposo
1778715800279,-14.89,-14.89,reposo
1778715800295,19.54,19.54,reposo
1778715800310,62.52,62.52,reposo
1778715800324,103.21,103.21,reposo
1778715800339,145.83,145.83,reposo
1778715800354,190.19,190.19,reposo
1778715800369,224.11,224.11,reposo
1778715800397,254.64,254.64,reposo
1778715800411,274.11,274.11,reposo
1778715800426,283.64,283.64,reposo
1778715800428,286.22,286.22,reposo
1778715800455,288.54,288.54,reposo
1778715800470,286.62,286.62,reposo
1778715800485,282.9,282.9,reposo
1778715800486,277.55,277.55,reposo
1778715800501,276.74,276.74,reposo
1778715800516,276.0,276.0,reposo
1778715800530,271.34,271.34,reposo
1778715800545,265.15,265.15,reposo
1778715800560,261.57,261.57,reposo
1778715800561,260.36,260.36,reposo
1778715800576,259.26,259.26,reposo
1778715800604,256.27,256.27,reposo
1778715800606,247.59,247.59,reposo
1778715800633,239.77,239.77,reposo
1778715800634,232.73,232.73,reposo
1778715800635,228.4,228.4,reposo
1778715800650,226.5,226.5,reposo
1778715800650,220.79,220.79,reposo
1778715800651,217.65,217.65,reposo
1778715800678,212.82,212.82,reposo
1778715800680,204.48,204.48,reposo
1778715800700,192.97,192.97,reposo
1778715800728,182.62,182.62,reposo
1778715800743,171.29,171.29,reposo
1778715800745,165.11,165.11,reposo
1778715800745,161.53,161.53,reposo
1778715800759,162.32,162.32,reposo
1778715800760,163.03,163.03,reposo
1778715800775,163.67,163.67,reposo
1778715800790,170.24,170.24,reposo
1778715800804,172.16,172.16,reposo
1778715800819,171.88,171.88,reposo
1778715800833,175.63,175.63,reposo
1778715800848,181.01,181.01,reposo
1778715800848,189.85,189.85,reposo
1778715800863,201.8,201.8,reposo
1778715800863,212.56,212.56,reposo
1778715800878,218.25,218.25,reposo
1778715800892,211.36,211.36,reposo
1778715800907,201.17,201.17,reposo
1778715800907,187.99,187.99,reposo
1778715800922,166.13,166.13,reposo
1778715800936,134.46,134.46,reposo
1778715800951,95.95,95.95,reposo
1778715800965,51.3,51.3,reposo
1778715800980,3.11,3.11,reposo
1778715800995,-48.26,-48.26,reposo
1778715801009,-102.5,-102.5,reposo
1778715801024,-151.31,-151.31,reposo
1778715801039,-193.24,-193.24,reposo
1778715801053,-236.97,-236.97,reposo
1778715801054,-274.34,-274.34,reposo
1778715801054,-307.96,-307.96,reposo
1778715802940,127.65,127.65,reposo
1778715802940,127.82,127.82,reposo
1778715802941,131.98,131.98,reposo
1778715802950,133.72,133.72,reposo
1778715802965,137.29,137.29,reposo
1778715802979,142.5,142.5,reposo
1778715802980,143.19,143.19,reposo
1778715802980,145.81,145.81,reposo
1778715802981,148.17,148.17,reposo
1778715802981,148.29,148.29,reposo
1778715802982,148.4,148.4,reposo
1778715802997,144.5,144.5,reposo
1778715803012,140.99,140.99,reposo
1778715803026,141.83,141.83,reposo
1778715803054,140.59,140.59,reposo
1778715803055,137.47,137.47,reposo
1778715803070,136.66,136.66,reposo
1778715803084,133.94,133.94,reposo
1778715803099,131.48,131.48,reposo
1778715803113,127.28,127.28,reposo
1778715803114,121.49,121.49,reposo
1778715803128,120.28,120.28,reposo
1778715803143,119.19,119.19,reposo
1778715803170,118.21,118.21,reposo
1778715803185,115.33,115.33,reposo
1778715803199,110.74,110.74,reposo
1778715803200,108.6,108.6,reposo
1778715803215,106.68,106.68,reposo
1778715803230,102.96,102.96,reposo
1778715803230,103.6,103.6,reposo
1778715803231,102.18,102.18,reposo
1778715803231,98.9,98.9,reposo
1778715803246,99.95,99.95,reposo
1778715803261,102.9,102.9,reposo
1778715803275,107.55,107.55,reposo
1778715803276,109.73,109.73,reposo
1778715803290,109.7,109.7,reposo
1778715803291,115.67,115.67,reposo
1778715803305,123.04,123.04,reposo
1778715803306,127.68,127.68,reposo
1778715803320,133.85,133.85,reposo
1778715803334,141.41,141.41,reposo
1778715803349,146.2,146.2,reposo
1778715803363,154.52,154.52,reposo
1778715803378,160.01,160.01,reposo
1778715803378,164.95,164.95,reposo
1778715803393,169.4,169.4,reposo
1778715803393,167.4,167.4,reposo
1778715803393,167.6,167.6,reposo
1778715803394,167.78,167.78,reposo
1778715803394,165.94,165.94,reposo
1778715803408,170.29,170.29,reposo
1778715803422,170.2,170.2,reposo
1778715803437,166.12,166.12,reposo
1778715803451,166.45,166.45,reposo
1778715803466,162.74,162.74,reposo
1778715803467,159.41,159.41,reposo
1778715803467,154.41,154.41,reposo
1778715803481,145.91,145.91,reposo
1778715803496,144.25,144.25,reposo
1778715803496,140.77,140.77,reposo
1778715803511,137.63,137.63,reposo
1778715803525,138.81,138.81,reposo
1778715803539,139.87,139.87,reposo
1778715803554,140.82,140.82,reposo
1778715803568,145.68,145.68,reposo
1778715803582,148.05,148.05,reposo
1778715803583,150.19,150.19,reposo
1778715803597,156.11,156.11,reposo
1778715803597,159.44,159.44,reposo
1778715803612,166.43,166.43,reposo
1778715803626,166.73,166.73,reposo
1778715803627,161.0,161.0,reposo
1778715803627,159.84,159.84,reposo
1778715803627,156.79,156.79,reposo
1778715803642,158.05,158.05,reposo
1778715803656,159.19,159.19,reposo
1778715803670,158.21,158.21,reposo
1778715803671,161.33,161.33,reposo
1778715803685,166.14,166.14,reposo
1778715803699,164.46,164.46,reposo
1778715803714,162.96,162.96,reposo
1778715803728,161.6,161.6,reposo
1778715803743,160.38,160.38,reposo
1778715803770,159.28,159.28,reposo
1778715803784,154.29,154.29,reposo
1778715803785,153.8,153.8,reposo
1778715803799,155.36,155.36,reposo
1778715803813,154.77,154.77,reposo
1778715803828,154.23,154.23,reposo
1778715803828,153.75,153.75,reposo
1778715803829,151.31,151.31,reposo
1778715803830,153.12,153.12,reposo
1778715803845,152.75,152.75,reposo
1778715803859,150.41,150.41,reposo
1778715803873,150.31,150.31,reposo
1778715803874,148.22,148.22,reposo
1778715803889,148.34,148.34,reposo
1778715803889,152.45,152.45,reposo
1778715803890,150.14,150.14,reposo
1778715803905,152.07,152.07,reposo
1778715803905,149.8,149.8,reposo
1778715803905,143.76,143.76,reposo
1778715803906,140.32,140.32,reposo
1778715803921,135.23,135.23,reposo
1778715803937,132.65,132.65,reposo
1778715803938,130.32,130.32,reposo
1778715803955,124.23,124.23,reposo
1778715803970,118.75,118.75,reposo
1778715803970,113.81,113.81,reposo
1778715803971,109.37,109.37,reposo
1778715803971,109.37,109.37,reposo
1778715803972,111.38,111.38,reposo
1778715803986,109.18,109.18,reposo
1778715803986,107.2,107.2,reposo
1778715804001,103.42,103.42,reposo
1778715804016,100.02,100.02,reposo
1778715804031,96.96,96.96,reposo
1778715804031,92.2,92.2,reposo
1778715804046,91.92,91.92,reposo
1778715804061,91.67,91.67,reposo
1778715804075,93.44,93.44,reposo
1778715804076,99.04,99.04,reposo
1778715804076,104.07,104.07,reposo
1778715804090,104.61,104.61,reposo
1778715804105,105.09,105.09,reposo
1778715804105,99.52,99.52,reposo
1778715804120,88.51,88.51,reposo
1778715804120,82.6,82.6,reposo
1778715804134,73.28,73.28,reposo
1778715804135,64.89,64.89,reposo
1778715804135,59.34,59.34,reposo
1778715804150,50.35,50.35,reposo
1778715804150,44.25,44.25,reposo
1778715804151,40.77,40.77,reposo
1778715804151,35.63,35.63,reposo
1778715804151,33.01,33.01,reposo
1778715804152,30.65,30.65,reposo
1778715804152,28.52,28.52,reposo
1778715804167,30.61,30.61,reposo
1778715804181,26.49,26.49,reposo
1778715804197,22.78,22.78,reposo
1778715804197,19.44,19.44,reposo
1778715804197,16.44,16.44,reposo
1778715804211,15.73,15.73,reposo
1778715804226,15.1,15.1,reposo
1778715804226,12.53,12.53,reposo
1778715804241,16.22,16.22,reposo
1778715804268,19.54,19.54,reposo
1778715804283,24.52,24.52,reposo
1778715804284,33.01,33.01,reposo
1778715804298,40.65,40.65,reposo
1778715804299,51.52,51.52,reposo
1778715804313,59.31,59.31,reposo
1778715804327,64.32,64.32,reposo
1778715804341,68.83,68.83,reposo
1778715804356,70.89,70.89,reposo
1778715804370,70.74,70.74,reposo
1778715804370,74.6,74.6,reposo
1778715804371,78.08,78.08,reposo
1778715804371,81.21,81.21,reposo
1778715804385,86.03,86.03,reposo
1778715804399,86.37,86.37,reposo
1778715804414,88.67,88.67,reposo
1778715804414,90.75,90.75,reposo
1778715804428,92.61,92.61,reposo
